bearing,feature,count,mean,median,std,cv,min,q25,q75,IQR,max,skewness
Bearing1_1,horizontal_rms,123,1.6795115332790527,0.8068641110861184,1.2980842155648287,0.7728938979242785,0.5638898794564087,0.7587632817660216,2.939926983945744,2.181163702179722,7.268278160413312,1.1691225819595392
Bearing1_1,vertical_rms,123,1.2519464985638182,0.6501899211304808,0.8933059559369556,0.7135336509680882,0.5604705115751822,0.6326957783536882,2.1024814263644727,1.4697856480107845,5.783524140162819,1.5331034165676898
Bearing1_1,horizontal_kurtosis,123,4.950768336744138,4.818708581294623,0.8158952660847683,0.16480174602985764,3.0713522076568927,4.638960706556722,5.276775065150715,0.6378143585939924,8.766069080476305,0.9592069561685801
Bearing1_1,vertical_kurtosis,123,3.156616023366494,3.177877338378176,0.2885791465243142,0.09142041489624954,2.715385153728978,2.9267418928820343,3.2719531250824083,0.345211232200374,4.3700757073234,1.2439364456605797
Bearing1_1,horizontal_peak,123,11.636978727046067,7.571578025817871,7.131381759862456,0.6128207266795174,2.52988338470459,6.340992450714111,19.137877225875854,12.796884775161743,35.59778928756714,0.8150747672378141
Bearing1_1,vertical_peak,123,6.163308969358119,3.9419054985046382,3.9211941021924024,0.6362157278966947,2.327442169189453,3.303968906402588,9.295892715454102,5.991923809051514,22.9062557220459,1.4226059103398248
Bearing1_1,horizontal_crest_factor,123,7.740254573613446,7.506153413378212,1.8006515009820943,0.23263466128368973,4.486484820659317,6.323334277857633,8.893274609399175,2.5699403315415417,15.3347089081729,1.0083306007619532
Bearing1_1,vertical_crest_factor,123,5.196277836485462,5.036347760511881,0.8501268916048732,0.1636030478654818,3.72676294391205,4.620175957656297,5.65964918115021,1.0394732234939132,7.758677075434526,0.8075558014114179
Bearing1_2,horizontal_rms,161,2.2225505829578536,2.5411825416052713,1.2918795294395944,0.5812598999300671,0.5620245597586828,0.7215500917277904,3.1286570327887673,2.407106941060977,6.964490923615133,0.20696880752883243
Bearing1_2,vertical_rms,161,2.9391785166243443,3.234272572099837,1.9777141828210343,0.6728799124091466,0.5772746915269287,0.9621154020419024,3.955373345161647,2.993257943119745,11.600636579172017,0.8798105818143079
Bearing1_2,horizontal_kurtosis,161,3.763244307557607,3.632904410129884,0.5950986883846037,0.15813448177932146,2.8576965466207302,3.428858214662562,3.935884483463168,0.507026268800606,6.496164439483647,1.541396173424451
Bearing1_2,vertical_kurtosis,161,3.205503972578768,3.1790532746631666,0.4164743308260884,0.12992475891116823,2.3506926167528768,2.961575423759693,3.3386377623872954,0.3770623386276024,4.536192480290202,0.9556707868327755
Bearing1_2,horizontal_peak,161,14.799788649778188,16.515707969665527,8.617617670996076,0.5822797794565284,2.582824230194092,5.265986919403076,21.40127420425415,16.135287284851074,38.705480098724365,0.0781356507252887
Bearing1_2,vertical_peak,161,13.098517337941235,15.05563259124756,7.583663362884479,0.5789711283518784,2.5448083877563477,4.758942127227783,18.305933475494385,13.546991348266602,37.52621412277222,0.1864618218915211
Bearing1_2,horizontal_crest_factor,161,6.706584332430692,6.565153826574251,1.353772824920488,0.20185727306434018,4.377764484288005,5.57686660169819,7.569493776581719,1.9926271748835296,11.489416886504625,0.7387231598513916
Bearing1_2,vertical_crest_factor,161,4.776356664133439,4.618101476022575,0.9550142918798707,0.19994618472511755,3.2294126078875927,4.1276769780931,5.207968925612233,1.0802919475191333,9.610340501399554,1.4514634708795857
Bearing1_3,horizontal_rms,158,1.0450547629918812,0.6898688716349209,0.860763555963693,0.8236540193352337,0.4884995661519619,0.5194727188995371,1.2951627266790342,0.7756900077794971,4.450550239906546,2.5089871724427
Bearing1_3,vertical_rms,158,1.342717907265334,0.7544055860553043,1.4210062470237956,1.0583058729870587,0.500744650451829,0.5341943302480362,1.5529121015020744,1.018717771254038,7.205372424427859,2.648504361795835
Bearing1_3,horizontal_kurtosis,158,3.5322591902648646,3.4184904067912965,0.5505847258089367,0.15587325169296293,2.948442652785155,3.023936512937947,3.8827842945355284,0.8588477815975812,5.420897757939051,0.9536488864253976
Bearing1_3,vertical_kurtosis,158,3.0209572568044254,3.0199891729901407,0.1595515503575312,0.052814898323422545,2.5267810083274207,2.9676641662511645,3.090786698951955,0.12312253270079054,3.367917330971112,-0.48383128435475675
Bearing1_3,horizontal_peak,158,6.5524329113054876,3.762465715408325,5.9204007323484875,0.9035423654828271,1.9366025924682615,2.256190776824951,9.086933732032774,6.830742955207823,29.54922914505005,1.740172426037238
Bearing1_3,vertical_peak,158,5.716097581235668,3.2888412475585938,5.727016896666716,1.0019102744968689,1.9108176231384275,2.38988995552063,6.625238060951233,4.235348105430603,28.50515842437744,2.5468483948180296
Bearing1_3,horizontal_crest_factor,158,5.784810262480147,5.543924042118137,1.6222277706225692,0.28042886404489686,3.72850698225496,4.345808854604342,6.731248773655782,2.38543991905144,11.501913964756424,1.0509665021946657
Bearing1_3,vertical_crest_factor,158,4.375210857889457,4.300511854942904,0.4329565195720576,0.09895672086097125,3.4548745113235366,4.087751867409803,4.571893446346844,0.4841415789370416,5.981772751610519,0.9752716580927537
Bearing1_4,horizontal_rms,122,0.4407278020509177,0.4103488319214782,0.15306293998267972,0.34729585760282083,0.3707124663436949,0.3905719689966356,0.475779615072752,0.08520764607611642,2.051909286926433,9.788211822247225
Bearing1_4,vertical_rms,122,0.639553271743137,0.6084311775635516,0.17600719111190574,0.2752033315882954,0.538913436970262,0.5675744799415456,0.6931717239477353,0.12559724400618966,2.443367331177747,9.029557300118942
Bearing1_4,horizontal_kurtosis,122,4.284867260091165,3.048893757881379,12.79525939610029,2.986150706528085,2.944285343007335,3.0073940359852394,3.166617834633962,0.1592237986487226,144.43749322711392,11.041235933015054
Bearing1_4,vertical_kurtosis,122,3.2405256508291727,3.0274593183498695,2.2119434164988863,0.6825878437138441,2.89524635929047,2.990894246591775,3.0758694991823807,0.08497525259060579,27.45725822629461,11.024946396999262
Bearing1_4,horizontal_peak,122,2.532185022948218,1.8337547779083252,4.777768632116518,1.8868165591445492,1.4252901077270508,1.6644060611724854,2.406865358352661,0.7424592971801758,54.41106796264648,10.755368712734114
Bearing1_4,vertical_peak,122,3.2123653615107304,2.640819549560547,4.2840662786600845,1.3336173805103377,2.148747444152832,2.4361908435821533,3.1565576791763306,0.7203668355941772,49.77381229400635,10.784313980167399
Bearing1_4,horizontal_crest_factor,122,5.0285433126724834,4.538429533389657,2.206818798327909,0.43885846478969015,3.653028765174086,4.196264505878624,5.259108692893601,1.062844187014977,26.517287245260796,7.904839018170255
Bearing1_4,vertical_crest_factor,122,4.6335371256181865,4.350981983407321,1.5328483390698522,0.3308160261833116,3.829009929474121,4.131754699807999,4.706038662176092,0.5742839623680931,20.37099033734501,9.131502364784284
Bearing1_5,horizontal_rms,52,2.0629884367073066,0.9932820712617358,1.9557969206291914,0.9480406607371967,0.9339213211811908,0.9710266137859729,2.1240865310621238,1.1530599172761509,9.216744624124049,1.9877650838157652
Bearing1_5,vertical_rms,52,2.034899438673586,0.8076678388734118,2.2423910970678587,1.101966541663367,0.7650864071207134,0.7830039117744754,2.588433845035672,1.8054299332611965,11.30049170159922,2.195831653791799
Bearing1_5,horizontal_kurtosis,52,3.0528662508295925,3.032079569948233,0.1339308021322611,0.04387051089967222,2.6587884244370823,2.991903786250129,3.0739881692357307,0.0820843829856015,3.4499863111651408,0.7691829557009751
Bearing1_5,vertical_kurtosis,52,2.9389255294690195,2.9912878177180704,0.22130377350399819,0.07530091228408278,2.1677029052502306,2.955171687620628,3.047473838670083,0.09230215104945483,3.290682926931067,-1.7903543779827902
Bearing1_5,horizontal_peak,52,9.164416102262644,4.431098699569702,9.476239240030006,1.0340254233644384,3.8490891456604,4.1804492473602295,8.98163914680481,4.80118989944458,43.48490238189697,2.279268424173763
Bearing1_5,vertical_peak,52,8.191189674230722,3.559309244155884,9.562814868830491,1.167451279869012,2.9497146606445312,3.3733010292053223,9.42395031452179,6.050649285316467,53.18035125732422,2.944043372920171
Bearing1_5,horizontal_crest_factor,52,4.345644047295522,4.287080560592703,0.4204385612307636,0.09674942463187253,3.572865933768858,4.035109097353644,4.529935602903917,0.4948265055502734,5.468813793746579,0.9974573734891283
Bearing1_5,vertical_crest_factor,52,4.14647198630572,4.129128376973277,0.45274737070452886,0.10918857578196303,2.9015433755575852,3.8871310907556116,4.449151264325965,0.5620201735703536,5.364431352222741,-0.16530132442465426
Bearing2_1,horizontal_rms,491,0.5340379729787942,0.3638160231335036,0.7037904807594495,1.3178659877570091,0.3381332623511847,0.35535985284388694,0.37870025322152645,0.023340400377639514,7.160750849019293,5.546307297231466
Bearing2_1,vertical_rms,491,0.6870331870503767,0.4845931818124545,0.8274226307630471,1.2043415752816848,0.4492334241417386,0.47394844397703817,0.5005994800982995,0.026651036121261296,6.933222491784991,4.756731207185044
Bearing2_1,horizontal_kurtosis,491,3.1226293539735397,3.004200039676733,0.5011928687876979,0.16050347702968043,2.9047911856376856,2.979326926972535,3.029292482282268,0.04996555530973312,6.6340523775529965,4.512474307624694
Bearing2_1,vertical_kurtosis,491,3.07936668273951,3.017927696120827,0.3261946229598019,0.1059291265272793,2.8828498202687007,2.982595202320389,3.0553054425216057,0.07271024020121652,6.359230511097927,6.399358791780775
Bearing2_1,horizontal_peak,491,2.514265030318996,1.5598297119140625,4.072568039331987,1.6197847045644516,1.3213872909545898,1.4859676361083984,1.6856968402862549,0.19972920417785645,48.49485397338867,6.302181938700158
Bearing2_1,vertical_peak,491,3.0103542654188975,2.097630500793457,3.8029297533006474,1.2632831281641403,1.7269134521484375,1.9835293292999268,2.217048406600952,0.2335190773010254,34.909892082214355,5.2127012997049516
Bearing2_1,horizontal_crest_factor,491,4.369134164315159,4.273915154807248,0.4391245981934495,0.10050609152266218,3.715340605760848,4.1045618726055935,4.501980723048583,0.39741885044298986,6.772314104467177,2.097744854156318
Bearing2_1,vertical_crest_factor,491,4.337056859364142,4.273767422931602,0.36274998289208576,0.08363966502050164,3.646186000538671,4.105043621175978,4.493138727195085,0.38809510601910624,6.311145850186105,1.5726885999203684
Bearing2_2,horizontal_rms,161,1.897975874961604,1.5521858997805849,1.3855323819025254,0.7300052651778594,0.4744340510035567,0.5083206140933517,2.897643695589807,2.3893230814964554,7.6643835789634736,0.9101710779053555
Bearing2_2,vertical_rms,161,2.4236101285110707,2.2563315910360395,1.6998878527782204,0.7013866763391253,0.450069337169169,0.4806481267171897,4.14471384554522,3.6640657188280303,4.805290187987829,-0.00801949523366299
Bearing2_2,horizontal_kurtosis,161,3.2840504421198053,3.039912593433505,0.773971391636807,0.23567585372934163,2.294222515980767,2.9218238970831933,3.449304874833877,0.5274809777506837,7.845237191985652,2.6891711868998094
Bearing2_2,vertical_kurtosis,161,2.8530565322317027,2.944584890474642,0.25103340828060017,0.08798753387625241,2.3491161323831053,2.654748412995324,3.0166575506498243,0.3619091376545005,3.555114674416048,-0.16039331620456135
Bearing2_2,horizontal_peak,161,9.66562254828696,10.002219676971436,6.345442225907716,0.6564959674565732,1.966571807861328,2.5345683097839355,13.627934455871582,11.093366146087646,41.48058891296387,0.8564661288428156
Bearing2_2,vertical_peak,161,8.490621599351398,7.563638687133789,5.417956306831266,0.6381106781681504,1.7549753189086914,2.116250991821289,13.558077812194824,11.441826820373535,20.128238201141357,-0.007682381332515199
Bearing2_2,horizontal_crest_factor,161,5.468513069855508,4.826329391859113,1.8646336467703017,0.3409763537091757,3.370567634942082,4.248737093393232,6.100318539541423,1.8515814461481908,13.31978407984174,1.805704586921869
Bearing2_2,vertical_crest_factor,161,3.8433320554027657,3.868700480942028,0.6444157383798972,0.1676711065009357,2.9119888454165377,3.3121163242748923,4.238995484816726,0.9268791605418341,6.200082997794477,0.8655098265122949
Bearing2_3,horizontal_rms,533,1.5451648085431988,0.5678384863585676,1.4234202382938965,0.9212093301787758,0.3653187129072798,0.5026312277339923,3.1157547963093393,2.613123568575347,5.054544284361356,0.8200610935209341
Bearing2_3,vertical_rms,533,2.113050032987627,0.8646380927963281,1.8682109733225025,0.8841300225537261,0.6278368329464532,0.7714499981529132,4.069004538829986,3.2975545406770723,6.533463319751261,0.9411285409099126
Bearing2_3,horizontal_kurtosis,533,3.657135035299105,3.5234337765502683,0.6059198781734229,0.16568157104537065,2.942844984279706,3.110221544327879,3.941038751459128,0.8308172071312492,6.7979785422163825,1.1428434288084004
Bearing2_3,vertical_kurtosis,533,3.214995941796918,3.102261837603615,0.38658487587098683,0.12024428113427656,2.638503724804552,2.94026338288386,3.4049128767660006,0.4646494938821406,5.769857242143852,1.6065794415725436
Bearing2_3,horizontal_peak,533,8.03268304685267,3.6739706993103023,7.249113954050783,0.9024523825686236,1.461505889892578,2.6698708534240723,15.015697479248049,12.345826625823976,34.385085105895996,0.9217075555849786
Bearing2_3,vertical_peak,533,9.849408733017226,5.718588829040527,8.012780916018947,0.8135291298409083,2.289581298828125,3.753077983856201,17.81846284866333,14.065384864807129,34.047532081604004,0.9973247336540753
Bearing2_3,horizontal_crest_factor,533,5.351029062050344,5.09249529563206,1.0809565102137713,0.202009089780496,3.6173525298312823,4.593842697634163,5.847306614391476,1.2534639167573127,10.244040294064623,1.4015446231304804
Bearing2_3,vertical_crest_factor,533,5.033614950279822,4.592062329201919,1.2692485494733492,0.252154477847534,3.523954294183323,4.182625509908499,5.46179652411964,1.2791710142111405,12.066560203591544,1.7610547214909462
Bearing2_4,horizontal_rms,42,1.6680776292963686,0.6320677599511966,1.8405824567569804,1.1034153473620878,0.5114434039406134,0.5914771620933099,2.672091470188936,2.080614308095626,6.330619302984976,1.3849235771827442
Bearing2_4,vertical_rms,42,2.34371059107269,0.7767385903546413,3.0274084790477973,1.2917160039210245,0.6311945773588775,0.7129244816336903,2.647676307470958,1.9347518258372678,11.557789071394666,1.7562073543036751
Bearing2_4,horizontal_kurtosis,42,3.540035389122609,3.459117979332282,0.5182484982699104,0.14639641735286643,2.725169743777419,3.2268217454230874,3.867445752436365,0.6406240070132774,4.784756528419178,0.4564440253984074
Bearing2_4,vertical_kurtosis,42,3.6746253777809748,3.737184783551049,0.6329116866474644,0.1722384247587344,2.2574505796540065,3.3665602913051567,3.992992538402291,0.6264322470971342,5.2547398673249335,-0.19960717839844727
Bearing2_4,horizontal_peak,42,8.297522011257353,4.653114080429077,6.782127693374151,0.8173678459873626,3.2558083534240723,3.9195090532302856,10.943976044654846,7.0244669914245605,26.34948492050171,1.5267951514265423
Bearing2_4,vertical_peak,42,10.940649963560558,6.545209884643555,9.460231618257897,0.8646864354281133,3.46372127532959,5.098220705986023,11.576470732688902,6.478250026702879,37.22611665725708,1.546141161197916
Bearing2_4,horizontal_crest_factor,42,6.57404482792701,6.97067354811924,2.1030650652336944,0.3199042781545578,3.407813872099333,5.072024746005276,7.399517139943195,2.327492393937919,11.261138582526302,0.4156086976133775
Bearing2_4,vertical_crest_factor,42,6.775812184583205,7.070261109291245,2.123430613395498,0.3133839243990372,3.199166267745986,4.688281471862625,8.289308147787384,3.601026675924759,10.729855295317469,-0.21423089095494816
Bearing2_5,horizontal_rms,339,3.2747289913130024,2.0226819378722616,2.667701513405729,0.8146327590718017,0.8955374718922621,1.0124707074178172,4.848016754733276,3.835546047315459,9.894413089258729,0.9439097530401509
Bearing2_5,vertical_rms,339,2.9165870925512647,1.754599343449174,2.4342163007503475,0.8346112162970019,0.933039101895332,1.0604042293398495,4.710902414777955,3.6504981854381056,11.898820062772916,1.2704118481269284
Bearing2_5,horizontal_kurtosis,339,3.2420684230488788,3.3786391235190267,0.46680643122884224,0.14398413923351194,2.3119090135452076,2.810832181296629,3.6805220045838376,0.8696898232872088,4.28791483644445,-0.14682060735846728
Bearing2_5,vertical_kurtosis,339,3.462291805943743,3.2304940566359854,0.7532313283757018,0.2175528148963712,2.211424539752187,2.8365323084488643,4.318603017817615,1.482070709368751,4.989530692548061,0.339736056079309
Bearing2_5,horizontal_peak,339,13.280171243842021,8.698534965515137,9.52160552134851,0.7169791222205552,3.857874870300293,5.133908987045288,20.58277726173401,15.44886827468872,38.61546516418457,0.8582549804781553
Bearing2_5,vertical_peak,339,11.3254585800621,7.378578186035156,7.607074203872105,0.6716791333521784,4.798638820648193,5.672085285186768,17.425894737243652,11.753809452056885,45.51723003387451,1.4213439788229667
Bearing2_5,horizontal_crest_factor,339,4.450504628793464,4.610942538064912,0.6532910318486546,0.14679032746580073,3.1352428963048555,3.8672116582498965,4.917445441929038,1.0502337836791416,6.086755555944647,0.014205815900614583
Bearing2_5,vertical_crest_factor,339,4.482724827503383,4.4701044998925985,0.9041245581533142,0.2016908449535277,2.9180216189745147,3.626945383383161,5.2815931440592525,1.6546477606760917,6.955678871678368,0.09689447765298483
Bearing3_1,horizontal_rms,2538,0.5899912591713183,0.4955945999944348,0.5023103975353529,0.8513861683999878,0.4358309536543785,0.4870848643250886,0.5075345149873738,0.020449650662285213,9.140705241315093,8.745570353794735
Bearing3_1,vertical_rms,2538,0.601312737774865,0.5092321231079782,0.5679432037041501,0.9445055260359232,0.4444742632915801,0.4985941554036963,0.5209974814803874,0.0224033260766911,11.541787417542062,10.09997833242041
Bearing3_1,horizontal_kurtosis,2538,3.047919445786245,3.0401296739992274,0.12635988666303977,0.04145775139750907,2.5283880763743274,3.016472381885282,3.06406397813776,0.04759159625247822,5.195805253705544,9.79430707750442
Bearing3_1,vertical_kurtosis,2538,2.9908370790523784,2.9946262629787572,0.06788016036484519,0.02269604079749889,2.454456484723446,2.969281503955047,3.0215731470872154,0.052291643132168275,3.409104364591929,-2.201509893932833
Bearing3_1,horizontal_peak,2538,2.6705515779220184,2.19881534576416,2.533413421451839,0.9486480030552761,1.7337441444396973,2.085426449775696,2.361246943473816,0.2758204936981201,45.39565086364746,8.61829763242045
Bearing3_1,vertical_peak,2538,2.616316897367473,2.190399169921875,2.210601600074129,0.8449288395830135,1.7354130744934082,2.0785361528396606,2.3450613021850586,0.26652514934539795,35.08713245391846,7.666890115942348
Bearing3_1,horizontal_crest_factor,2538,4.478459166534912,4.395734814211509,0.418909132239192,0.09353867405322616,3.546893755114257,4.20582927098658,4.662037926124027,0.4562086551374467,7.970212212174327,1.756832309783057
Bearing3_1,vertical_crest_factor,2538,4.3688024071893485,4.284433759337574,0.42709382916679084,0.0977599326680375,3.0400085519328175,4.098835143671177,4.524223280704956,0.42538813703377887,8.974284004549862,2.2021202117321015
Bearing3_2,horizontal_rms,2496,1.2150573420415816,1.0447183327781837,0.4997615121429715,0.4113069357724754,0.7467820274835545,0.9179037997572069,1.3216599910131523,0.4037561912559454,5.748714945967585,3.302560437726967
Bearing3_2,vertical_rms,2496,1.2372506976073414,1.1104979945796574,0.3767686301414191,0.30452084680173025,0.8846673059003648,1.0258106572355938,1.3142062128814578,0.28839555564586394,5.83994208039452,3.882702290173595
Bearing3_2,horizontal_kurtosis,2496,3.3207264296259633,3.1881994263765563,0.31240060659509106,0.09407598404011827,2.7894205184293805,3.0913703694120986,3.5130740011802204,0.42170363176812176,8.149624036547674,2.6633409016452196
Bearing3_2,vertical_kurtosis,2496,3.9999240556100712,3.8829530582764322,0.7292635958630821,0.18231936049892183,2.945504071240081,3.308605651058138,4.65670282426522,1.3480971732070817,12.469866823016776,0.8419719294618969
Bearing3_2,horizontal_peak,2496,6.188445428434091,5.52518367767334,2.4383480049052557,0.39401624092890314,3.3551692962646484,4.912447929382324,6.478071212768555,1.5656232833862305,25.336122512817383,3.368002224727697
Bearing3_2,vertical_peak,2496,6.536141816431131,6.030011177062988,1.7745621327649366,0.27149994333107724,4.270648956298828,5.41532039642334,7.1938395500183105,1.7785191535949707,26.473581790924072,3.1738260978360935
Bearing3_2,horizontal_crest_factor,2496,5.202438877604479,4.893105616052816,0.976115860945868,0.18762658897308016,3.748529181764632,4.459605639949828,5.77459854077617,1.3149929008263417,11.070544507188972,1.3725467776973437
Bearing3_2,vertical_crest_factor,2496,5.371974813497756,5.158988027950084,0.9210233283268129,0.17144967359352226,3.86598959579947,4.764775936341145,5.697741848494205,0.93296591215306,10.472088517468611,1.6040133454504308
Bearing3_3,horizontal_rms,371,0.8170645086248702,0.5587902943964498,0.9371152120229038,1.1469292842006813,0.4788177824706927,0.5227494779702748,0.6010531628828177,0.07830368491254291,4.959022217239357,3.439473022520192
Bearing3_3,vertical_rms,371,1.028831667154824,0.7106303404531846,1.1343648708465757,1.1025757731423622,0.6233131568564256,0.6690612632225652,0.7645067894134528,0.09544552619088764,5.894878316814887,3.43939659597766
Bearing3_3,horizontal_kurtosis,371,3.0978013457166758,3.012266906272406,0.35544421777326346,0.11474080423676473,2.9109138600927587,2.9902935353685036,3.038452128923667,0.048158593555163165,6.754519169422558,5.460096518305499
Bearing3_3,vertical_kurtosis,371,3.1839737297226236,3.030149336437778,0.722333450023887,0.2268653925379008,2.953611239931138,3.0098307886567723,3.0551176639203805,0.045286875263608195,11.21161005727804,7.044722892601234
Bearing3_3,horizontal_peak,371,3.8893527097779144,2.3890137672424316,5.365190630320483,1.3794559225323744,1.883542537689209,2.213430404663086,2.6392340660095215,0.42580366134643555,32.01560974121094,3.5189369733775213
Bearing3_3,vertical_peak,371,4.786908562292629,3.0995726585388184,5.9778524094091505,1.2487918521147048,2.42992639541626,2.874422073364258,3.362828493118286,0.4884064197540283,35.29444932937622,3.3894199378681074
Bearing3_3,horizontal_crest_factor,371,4.4099117796094705,4.303400374441117,0.46069770832918366,0.10446869038499944,3.707448925670968,4.120738321149882,4.531864583577937,0.4111262624280547,6.508090349630362,1.8878801444657578
Bearing3_3,vertical_crest_factor,371,4.423305822420992,4.327674310127887,0.4492983554029644,0.10157524110712553,3.757019984906375,4.1591919460894635,4.550352912374093,0.3911609662846294,7.340335879521254,2.8380157370347097
Bearing3_4,horizontal_rms,1515,0.656236825810557,0.466656443933976,0.8525941139197484,1.2992171124603666,0.3767573742217209,0.4485168326465161,0.4923576348223835,0.04384080217586739,6.429378964914891,4.883243942173732
Bearing3_4,vertical_rms,1515,0.786841061368821,0.628552052947898,0.7047360222413036,0.8956523201970622,0.4924095649565696,0.6118896798078595,0.6522986587514451,0.04040897894358564,6.6538722200037554,4.905009945110327
Bearing3_4,horizontal_kurtosis,1515,3.369310727832693,3.165659839699812,0.684061024391439,0.20302699265480356,2.9184598752246016,3.1073786174872295,3.260227589013412,0.15284897152618226,7.859148705441212,3.915290580729509
Bearing3_4,vertical_kurtosis,1515,3.1013304296932396,3.0342465390001196,0.2811508415486265,0.0906549134064492,2.916764121512898,3.0002311207828254,3.072130610177532,0.0718994893947067,5.1175642168438,4.046815835812149
Bearing3_4,horizontal_peak,1515,3.605761252614138,2.372264862060547,5.1734480634903734,1.4347727708648708,1.5191316604614258,2.1625638008117676,2.690291404724121,0.5277276039123535,40.27042388916016,4.623345340251368
Bearing3_4,vertical_peak,1515,3.5967774202327916,2.7336835861206055,3.619935451389436,1.0064385499715314,2.0340561866760254,2.5698184967041016,2.966684103012085,0.3968656063079834,32.56469964981079,4.70267129409735
Bearing3_4,horizontal_crest_factor,1515,5.249624589576635,5.089977736473659,0.7829017687451388,0.14913481057285988,3.839752104008307,4.707197552490454,5.5772455099834914,0.8700479574930373,10.207604962956196,1.5512691433580246
Bearing3_4,vertical_crest_factor,1515,4.451488122931425,4.337064148045388,0.4804710620669052,0.10793493070144418,3.6615774573489728,4.155363422346525,4.618191771088917,0.4628283487423914,9.594288405574272,2.8674199798211477
Bearing3_5,horizontal_rms,114,4.2760445932910365,4.360908871329443,1.417615419469158,0.3315249381854779,0.6996664452134718,4.055307984408363,5.31969012270064,1.2643821382922775,7.021224825710791,-0.9651716261260233
Bearing3_5,vertical_rms,114,6.645565864045601,5.754108031808617,3.591413278670692,0.5404224940574675,0.8881000898089912,3.9148461986316843,8.14845889833613,4.233612699704446,15.431685897199603,0.6895159532188512
Bearing3_5,horizontal_kurtosis,114,2.826427974768853,2.8441020067938165,0.24757224038967854,0.08759191552012753,2.339159337533526,2.7210115039296467,2.958283496964093,0.23727199303444646,3.5448367404121144,0.1255954036973152
Bearing3_5,vertical_kurtosis,114,2.730421480672937,2.791334177195891,0.25713951319458883,0.09417575821708465,2.2686766892664068,2.5845187831482783,2.8993551512656235,0.31483636811734517,3.3287255417876085,-0.4177849267977075
Bearing3_5,horizontal_peak,114,16.682862712625873,16.53192639350891,5.77606627382178,0.3462275254144695,3.1105637550354004,14.608362317085266,20.481553673744205,5.873191356658939,27.879929542541504,-0.44849086560196283
Bearing3_5,vertical_peak,114,24.634111492257368,24.878567457199097,11.133637601685278,0.45196018558187656,3.5092830657958984,16.884329915046692,33.78564715385437,16.901317238807678,46.51141166687012,-0.13668417681228467
Bearing3_5,horizontal_crest_factor,114,3.9552136973824625,3.8613293416728762,0.453719495339196,0.11471428096020828,3.106233604428448,3.6849290605560467,4.117948623783803,0.4330195632277567,6.462520707927182,2.0480530782094437
Bearing3_5,vertical_crest_factor,114,3.838041627520795,3.7252902126010454,0.6101579499814331,0.15897637628687425,2.854209151929562,3.457740814929495,4.256981307908759,0.7992404929792638,5.850562839428191,0.7434051809415299
